record_id,name_fa,name_en,record_type_fa,status_fa,latitude_wgs84,longitude_wgs84,precision_class,coord_status_fa,distance_to_nasirabad_km,host_fa,source_ids,scope_fa,tonnage_t,grade_pct,grade_note_fa,model_eligible,model_eligibility_note_fa
CHR-01,چشمه‌بید,Cheshmeh-Bid deposit,معدن/کانسار کرومیت,کانسار مورد مطالعه؛ وضعیت استخراج فعلی از منبع علمی قطعی نیست,29.8666667,53.7666667,A,مختصات مستقیم از Mindat locality record,84.5,دونیت و هارزبورژیت سرپانتینی‌شده,S1;S2;S3,خارج از شعاع ۲۰ کیلومتری نصیرآباد؛ بخشی از مجموعه افیولیتی خواجه‌جمالی,,,در منابع بررسی‌شده برای این رکورد مستقل مقدار معتبر پیدا نشد,true,
CHR-02,خواجه‌جمالی,Khajeh-Jamali chromite complex,مجموعه معدنی/ناحیه کرومیت,مجموعه معادن؛ شامل معادن فعال و متروکه در گزارش پایان‌نامه,29.875,53.875,B,مرکز تقریبی بازه مختصات منتشرشده برای محدوده؛ مختصات نقطه معدن نیست,80.0,دونیت، هارزبورژیت و گابروی دولریتی,S4;S5,خارج از شعاع ۲۰ کیلومتری نصیرآباد؛ ناحیه‌ای حدود ۸۷ کیلومتر از شهر نیریز بر پایه مرکز تقریبی,80000,50,ذخیره ثابت‌شده ۸۰۰۰۰ تن با عیار میانگین ۵۰٪؛ ذخیره احتمالی ۸۰۰۰۰ تن با عیار میانگین ۳۰–۵۰٪ در رکورد پایان‌نامه/مجموعه,false,مرکز نماینده مجموعه/زمینه‌ای است، نه معدن منفرد؛ برای آموزش مستقیم مدل مجاز نیست.
CHR-03,نی‌پیک,Ni-Pik,معدن کرومیت,فعال در چکیده پایان‌نامه؛ نیازمند راستی‌آزمایی وضعیت کنونی,29.875,53.875,B,مختصات مستقل عمومی یافت نشد؛ مختصات نماینده مرکز مجموعه خواجه‌جمالی است,80.0,پریدوتیت/دونیت و هارزبورژیت,S4;S5,مختصات نماینده مجموعه، نه مختصات برداشت‌شده معدن,,,,false,
CHR-04,حسین‌خانی,Hossein-Khani,معدن کرومیت,فعال در چکیده پایان‌نامه؛ نیازمند راستی‌آزمایی وضعیت کنونی,29.875,53.875,B,مختصات مستقل عمومی یافت نشد؛ مختصات نماینده مرکز مجموعه خواجه‌جمالی است,80.0,پریدوتیت/دونیت و هارزبورژیت,S4;S5,مختصات نماینده مجموعه، نه مختصات برداشت‌شده معدن,,,,false,
CHR-05,کشتک,Keshtak,معدن کرومیت,فعال در چکیده پایان‌نامه؛ نیازمند راستی‌آزمایی وضعیت کنونی,29.875,53.875,B,مختصات مستقل عمومی یافت نشد؛ مختصات نماینده مرکز مجموعه خواجه‌جمالی است,80.0,پریدوتیت/دونیت و هارزبورژیت,S4;S5,مختصات نماینده مجموعه، نه مختصات برداشت‌شده معدن,,,,false,
CHR-06,دوتویی,Dotoei,معدن کرومیت,متروکه در چکیده پایان‌نامه,29.875,53.875,B,مختصات مستقل عمومی یافت نشد؛ مختصات نماینده مرکز مجموعه خواجه‌جمالی است,80.0,پریدوتیت/دونیت و هارزبورژیت,S4;S5,مختصات نماینده مجموعه، نه مختصات برداشت‌شده معدن,,,,false,
CHR-07,انجیرک,Anjirek,معدن کرومیت,متروکه در چکیده پایان‌نامه,29.875,53.875,B,مختصات مستقل عمومی یافت نشد؛ مختصات نماینده مرکز مجموعه خواجه‌جمالی است,80.0,پریدوتیت/دونیت و هارزبورژیت,S4;S5,مختصات نماینده مجموعه، نه مختصات برداشت‌شده معدن,,,,false,
CHR-08,چشمه‌بیدو,Cheshmeh-Bidu,معدن کرومیت,متروکه در چکیده پایان‌نامه,29.875,53.875,B,مختصات مستقل عمومی یافت نشد؛ مختصات نماینده مرکز مجموعه خواجه‌جمالی است,80.0,پریدوتیت/دونیت و هارزبورژیت,S4;S5,مختصات نماینده مجموعه، نه مختصات برداشت‌شده معدن,,,,false,
CHR-09,اندیس کرومیت ۳۲۵۷,Chromite index 3257,اندیس کرومیت,اندیس فلزی؛ وضعیت فعالیت گزارش نشده,,,N/A,مختصات قابل‌بازخوانی از رکورد عمومی یافت نشد؛ فقط حوالی نیریز گزارش شده است,,هارزبورژیت و گابرو,S6,موقعیت تقریبی/بدون مختصات؛ برای geocoding مستقل نگه داشته شد,,,مقدار معتبر در رکورد عمومی پیدا نشد,false,
